completion_time,spatial_errors,target_distance
-1.2285714285714286,-1.654,2
-1.1714285714285713,-0.13800000000000012,2
0.4285714285714286,0.992,1
0.08571428571428574,0.15800000000000003,1
-1.6857142857142855,0.558,3
0.6571428571428571,0.17799999999999994,1
-0.1428571428571428,-0.5980000000000001,1
-0.19999999999999996,0.978,2
-0.48571428571428577,0.668,2
0.48571428571428577,0.38,1
1.342857142857143,1.0,0
1.342857142857143,1.0,0
-0.8857142857142857,-0.9440000000000002,2
-1.2857142857142856,1.0,3
1.2285714285714286,1.0,0
-0.48574285714285703,0.51,3
0.37142857142857144,0.372,1
-0.37142857142857144,-2.2,3
-1.9714285714285715,-2.842,3
-2.942857142857143,0.126,3
0.7714285714285715,0.35,2
0.7142857142857143,1.0,0
-0.8285714285714285,-0.3999999999999999,1
1.4571142857142858,1.0,0
-1.7428571428571429,1.0,2
1.457142857142857,0.76,0
1.5714000000000001,0.884,0
0.19999999999999996,1.0,0
0.2571428571428571,0.0039999999999998925,1
-1.7428571428571429,0.29800000000000004,3
-2.7142857142857144,0.08399999999999996,3
1.342857142857143,1.0,0
-0.8285714285714285,-2.7960000000000003,2
-0.7142857142857142,-0.16400000000000015,3
-0.7142857142857142,0.492,2
-1.2285714285714286,-0.9280000000000002,1
-0.37139999999999995,0.884,2
0.9428285714285715,1.0,1
1.5714571428571429,0.918,0
1.1142857142857143,0.45999999999999996,0
0.9428571428571428,0.718,0
-0.3142571428571428,0.808,2
-0.6571428571428573,1.0,3
0.08571428571428574,1.0,2
-0.2571428571428571,1.0,3
-0.25711428571428585,1.0,3
0.48574285714285714,1.0,1
0.4285714285714286,0.764,2
0.6571428571428571,0.942,1
-0.14282857142857153,0.604,3
0.6000285714285714,0.9359999999999999,2
-0.2571999999999999,-0.15999999999999992,1
0.6,0.39,1
-1.5143428571428572,1.0,3
-1,1.0,2
1.6857142857142857,0.496,0
1.0000285714285715,0.516,1
-0.028542857142857203,0.846,3
1.685742857142857,0.864,0
0.4856857142857143,0.884,3
-0.08571428571428563,0.21999999999999997,2
0.7713714285714286,0.612,3
1.1143142857142856,0.44199999999999995,2
0.6571428571428571,0.32199999999999995,0
-0.8856857142857144,0.124,2
0.8286,1.0,1
1.5142857142857142,0.926,0
1.6857142857142857,1.0,0
0.7714285714285715,0.978,1
1.3428285714285715,0.94,0
0.7142857142857143,1.0,1
-0.08571428571428563,1.0,3
-1.1714571428571428,-3.4979999999999993,3
0.14280000000000004,1.0,0
-1.1143142857142858,1.0,3
1.2856857142857143,1.0,0
-0.8856857142857144,-0.276,2
1.0,1.0,0
-0.6571142857142858,-1.366,2
-1.1142857142857143,-0.6480000000000001,2
0.9428857142857142,0.906,0
0.3713714285714286,0.04200000000000004,1
-0.8856857142857144,-2.2840000000000003,3
-1,-0.48,2
-2.4285714285714284,0.354,3
0.8857142857142857,0.5820000000000001,1
0.3142857142857143,0.1279999999999999,1
0.7142857142857143,1.0,0
0.37142857142857144,0.78,1
-0.6571428571428573,0.46199999999999997,2
-0.8857428571428572,-2.88,3
-1,1.0,3
-0.9999714285714285,-1.862,3
1.4,1.0,0
-2.942885714285715,0.07799999999999996,3
-0.08568571428571436,-0.8180000000000001,2
-0.7714000000000001,0.77,2
-0.8285142857142858,-1.9940000000000002,2
0.8856571428571429,0.392,1
-0.8285714285714285,-0.6440000000000001,3
0.4285428571428571,0.07799999999999996,1
0.9428571428571428,0.576,1
1.8000571428571428,0.8240000000000001,0
0.14291428571428566,-4.924,1
0.7143142857142857,1.0,0
0.37142857142857144,0.24,1
-1.2285714285714286,-0.266,2
1.5714285714285714,1.0,0
-1.2285142857142857,-2.2079999999999997,1
-2.714342857142857,-8.804,2
0.3714571428571428,-0.746,1
-1.5142571428571427,0.95,2
1.6857714285714285,1.0,0
0.2571428571428571,-2.848,2
1.5142857142857142,0.888,0
-0.6570857142857143,-2.3619999999999997,2
1.2285714285714286,0.844,0
1.4570571428571428,1.0,0
0.3714571428571428,-1.1219999999999999,3
0.3142285714285715,0.8280000000000001,2
-0.4286857142857141,-1.012,1
0.37142857142857144,-1.2559999999999998,2
-0.7715142857142856,-0.8839999999999999,3
1.4571999999999998,0.914,0
1.4570571428571428,1.0,0
1.1714285714285715,0.628,1
-0.02859999999999996,-1.6760000000000002,1
-0.8857142857142857,-8.986,3
-0.08574285714285712,0.62,2
-1.4000285714285714,-2.742,3
0.25711428571428574,0.484,1
-1.1142571428571428,-0.41400000000000015,2
-0.7715142857142856,-1.7679999999999998,2
1.5142571428571427,0.862,0
-0.9428000000000001,-1.0699999999999998,1
0.2571428571428571,0.396,3
1.4571714285714286,1.0,0
-0.48574285714285703,-3.412,3
-0.7713714285714286,-0.51,3
0.08571428571428574,0.118,1
-0.5428571428571429,0.8280000000000001,3
-0.7715142857142856,-3.644,3
1.628457142857143,0.772,0
-0.8857428571428572,-3.7219999999999995,1
0.4856285714285715,0.674,3
0.31434285714285715,0.18200000000000005,2
-0.5428285714285714,0.47,2
-2.314257142857142,-0.020000000000000018,3
-0.4856857142857143,0.638,2
1.5143142857142857,1.0,0
1.4571999999999998,1.0,0
0.25711428571428574,0.15000000000000002,1
-0.8858285714285714,0.6839999999999999,2
-0.5999428571428571,-1.444,3
0.7714857142857142,1.0,1
1.8572,1.0,0
-2.2000285714285712,-0.482,2
-0.9999428571428572,0.512,3
1.5142857142857142,1.0,0
0.7714857142857142,0.66,1
-0.028514285714285714,0.276,1
0.9999142857142858,0.3320000000000001,1
0.4856285714285715,0.384,3
-1.5143142857142857,-3.878,2
1.2285142857142857,0.388,1
0.02859999999999996,0.886,3
-0.5999428571428571,-1.064,2
-0.3714857142857142,0.98,2
0.3714571428571428,1.0,1
-0.6000857142857141,0.05600000000000005,2
1.3428857142857142,1.0,0
1.628542857142857,1.0,0
0.31434285714285715,0.20999999999999996,1
0.5428857142857142,0.522,1
-1.9142857142857141,-0.08000000000000007,3
1.7428,1.0,0
-1.8000571428571428,-0.23199999999999998,3
0.4285428571428571,0.44800000000000006,3
1.285742857142857,1.0,0
1.5142857142857142,0.692,0
-0.14280000000000004,-1.3639999999999999,2
1.5142857142857142,1.0,0
0.19991428571428582,1.0,1
-1.2285142857142857,0.8340000000000001,2
1.6285714285714286,0.908,0
0.3714857142857142,0.46399999999999997,1
-0.4857714285714285,-2.1879999999999997,3
-0.3142285714285715,-2.5740000000000003,3
0.20005714285714282,0.652,2
-0.8858285714285714,-1.1559999999999997,2
-0.3142571428571428,-1.38,3
1.5714857142857142,1.0,0
1.5142857142857142,0.794,0
0.4286,0.972,1
-0.9429428571428571,1.0,1
1.1713714285714287,0.746,1
-0.08579999999999988,-1.464,2
1.457,1.0,0
0.14297142857142842,0.788,0
-1.6286,0.846,3
-2.0285714285714285,-4.55,3
-1.1713428571428572,0.674,3
1.5143714285714285,1.0,0
-1.4002,-0.07200000000000006,3
0.31431428571428566,0.708,1
-1,-0.272,2
-3.1713142857142858,-6.651999999999999,3
1.3428285714285715,0.8180000000000001,0
0.14282857142857142,0.674,1
1.2286857142857142,1.0,1
-0.2000571428571427,-2.2600000000000002,2
-1.7428571428571429,-4.032,2
0.5429428571428571,0.86,1
1.0,0.972,0
-2.5998857142857146,-5.587999999999999,3
-0.028685714285714203,0.19199999999999995,2
-2.999914285714285,-0.5939999999999999,3
-0.3142571428571428,-0.8039999999999998,2
-1.8571714285714287,0.576,3
0.48560000000000014,0.75,2
0.3713428571428572,1.0,1
-0.08585714285714263,-1.056,3
0.7143428571428572,1.0,1
0.14280000000000004,-0.44199999999999995,2
1.6283714285714286,0.45199999999999996,0
0.02857142857142858,1.0,1
1.5143428571428572,1.0,0
-1,-0.954,3
-0.2570571428571429,-0.56,3
0.48574285714285714,0.52,2
1.6858,1.0,0
0.08582857142857137,0.876,2
-0.4859142857142855,0.544,3
0.028628571428571337,1.0,1
1.0571428571428572,0.4059999999999999,0
0.5429428571428571,0.66,2
-2.714257142857142,0.36,3
0.3715142857142857,0.8,1
-5.685714285714286,-0.018000000000000016,3
0.9429142857142857,1.0,0
1.6286,0.954,0
0.4856857142857143,0.944,1
1.6285714285714286,1.0,0
-2.828485714285714,-4.072,3
-0.2571428571428571,1.0,1
-1.3999428571428574,-0.15399999999999991,2
-0.6000285714285714,0.30199999999999994,2
1.6286285714285715,1.0,0
1.5143999999999997,1.0,0
0.3713714285714286,1.0,1
0.7143142857142857,0.726,2
0.8286285714285714,1.0,1
-1.1714000000000002,-2.6060000000000003,0
-2.0856285714285714,-16.368000000000002,3
1.7427142857142859,1.0,0
-0.8284857142857143,0.006000000000000005,3
-1.285742857142857,-0.242,3
-1.9713714285714286,-1.524,1
-0.5998857142857144,-6.606,2
-0.5998857142857144,-5.816,3
1.7427428571428574,1.0,0
-0.48588571428571403,-3.298,1
0.4858285714285713,-1.6360000000000001,1
-0.028514285714285714,-0.22199999999999998,3
0.42862857142857136,-1.334,1
0.4286857142857142,-1.0659999999999998,1
1.0572571428571427,0.8220000000000001,0
1.5713428571428572,1.0,0
0.6572571428571428,-1.3280000000000003,1
1.6286,0.758,0
-0.19999999999999996,-5.144,2
1.1712857142857145,0.8180000000000001,0
-1.2857714285714286,-1.154,3
0.7714857142857142,-1.234,2
1.6858571428571427,0.604,0
-0.8857428571428572,-3.4700000000000006,2
0.7143142857142857,-0.22799999999999998,2
1.5713142857142857,1.0,0
-0.37128571428571444,-0.17599999999999993,3
0.3714571428571428,-0.4079999999999999,2
-1.2856,-3.26,3
0.6000857142857142,-1.1019999999999999,1
0.7143142857142857,-0.053999999999999826,2
-0.08565714285714288,-3.088,2
-0.8857714285714284,-0.526,2
-0.7143428571428572,0.776,3
0.6571428571428571,-1.2679999999999998,1
0.028685714285714203,0.77,1
-4.7141714285714285,1.0,2
-0.7142571428571429,0.958,2
0.3142857142857143,1.0,1
-0.14308571428571404,-0.4119999999999999,2
1.8000857142857143,1.0,0
-4.085628571428571,0.42000000000000004,3
0.48560000000000014,1.0,1
-2.3713999999999995,1.0,3
-1.3427714285714285,1.0,3
-1.5716285714285712,-0.6940000000000002,2
0.999857142857143,1.0,1
1.7428571428571429,1.0,0
-0.7142285714285714,0.52,3
1.0000857142857142,0.482,0
1.4572285714285713,1.0,0
-0.25725714285714285,1.0,2
0.4284000000000001,1.0,1
1.0000571428571428,1.0,1
1.4000571428571429,1.0,0
-1,0.954,3
1.4569428571428569,1.0,0
1.6857714285714285,0.67,0
1.057057142857143,1.0,0
0.8857142857142857,1.0,1
1.0572,1.0,1
1.285742857142857,0.632,1
-1.2285428571428572,0.44999999999999996,3
0.4284285714285716,0.596,2
-1.1714000000000002,-0.73,3
-0.4856857142857143,1.0,1
-0.5428857142857142,-0.1160000000000001,2
1.6286571428571428,1.0,0
-1.6856,-0.6480000000000001,2
-2.2,1.0,3
-0.25708571428571436,-1.182,3
0.4284285714285716,0.972,2
1.5715714285714284,1.0,0
-0.4856285714285715,-0.786,1
0.8284285714285715,0.688,1
-0.7714000000000001,-7.026,3
1.4571714285714286,1.0,0
0.9429714285714285,1.0,1
-2.6572,-2.246,2
0.42862857142857136,0.20799999999999996,2
-0.657057142857143,-3.3979999999999997,2
-2.4287142857142863,-0.030000000000000027,3
-2.200142857142857,0.958,3
1.114342857142857,1.0,0
-0.5428857142857142,-1.6920000000000002,2
-0.5428857142857142,-3.5200000000000005,3
-2.7143142857142863,0.17200000000000004,2
0.6570000000000001,1.0,1
0.6000571428571428,0.874,1
1.5713142857142857,0.8240000000000001,0
1.6858,1.0,0
-1.5142000000000002,0.42999999999999994,3
-0.9428857142857143,0.784,3
1.6285142857142858,1.0,0
1.6858,1.0,0
-2.0856,-0.30600000000000005,3
0.1428571428571429,1.0,0
-0.2000857142857142,-0.768,2
0.19999999999999996,0.49,3
0.7143428571428572,0.494,1
0.7714571428571428,0.984,1
0.7143142857142857,0.31399999999999995,2
0.08568571428571436,-1.604,2
0.6571142857142858,1.0,1
0.6000857142857142,0.79,1
-1.0571714285714284,0.03400000000000003,2
-0.2000571428571427,-0.9039999999999999,3
1.5714571428571429,1.0,0
-0.14282857142857153,1.0,1
0.5427714285714287,1.0,1
-0.31431428571428577,0.69,3
1.6288285714285715,0.804,0
0.8857142857142857,0.794,1
1.8573142857142857,0.3360000000000001,0
-4.0283428571428574,1.0,3
0.19968571428571458,0.882,2
1.2288000000000001,1.0,1
1.4570285714285716,1.0,0
1.0002000000000002,-0.018000000000000016,0
-0.028771428571428448,0.734,1
0.8281714285714286,1.0,1
-3.1713428571428564,1.0,3
1.6287142857142856,0.514,0
0.02842857142857158,0.868,2
0.5430857142857141,1.0,2
0.8858285714285713,1.0,2
-0.1999428571428572,-0.5539999999999998,3
0.48534285714285685,0.882,1
0.7142000000000001,0.46599999999999997,2
0.5428285714285714,0.806,2
-0.31471428571428595,1.0,3
-5.857228571428572,0.16799999999999993,3
-1.6284285714285716,1.0,3
-2.0858285714285714,-0.3039999999999998,3
1.2859428571428573,0.38,0
-4.314228571428571,1.0,3
-2.0290000000000004,1.0,3
0.2569142857142859,1.0,0
0.6569714285714288,1.0,0
0.48585714285714277,0.842,1
-1.2854857142857146,1.0,3
0.6570857142857143,1.0,1
1.7429142857142856,0.856,0
-1.3432285714285719,0.492,2
1.2288285714285716,1.0,1
0.3142571428571429,0.776,1
1.2859142857142858,1.0,1
0.8859142857142859,0.966,1
0.20019999999999982,-0.11199999999999988,2
1.7431142857142858,0.662,0
1.343114285714286,0.29400000000000004,0
0.6000571428571428,1.0,2
0.20014285714285707,0.08800000000000008,2
-0.8284000000000002,1.0,2
1.6287714285714288,0.808,0
-0.7714571428571428,0.18599999999999994,1
-2.4857142857142858,-2.222,3
-0.08565714285714288,1.0,3
1.6287142857142856,0.918,0
0.0859142857142855,-0.996,3
1.6285714285714286,0.838,0
-1.7428571428571429,-2.34,3
1.7998857142857143,1.0,0
-0.028685714285714203,-0.5800000000000001,2
-0.37157142857142844,0.07799999999999996,3
-0.1998285714285717,0.732,2
-1.0,-0.43599999999999994,2
1.0,1.0,1
0.6574000000000001,1.0,1
0.8859428571428573,0.648,1
0.6000571428571428,1.0,2
1.6287714285714288,0.844,0
1.0002285714285715,1.0,1
1.2282571428571427,0.9319999999999999,1
1.6285142857142858,0.846,0
1.5139142857142858,0.984,0
0.8856857142857143,0.44999999999999996,2
0.6571428571428571,1.0,1
0.6000571428571428,0.45999999999999996,1
0.3142857142857143,0.28600000000000003,2
1.7428285714285714,0.798,0
0.6569714285714288,1.0,2
1.6859714285714287,0.672,0
0.08582857142857137,1.0,2
-1.7998571428571428,0.854,3
0.3140857142857144,-0.8719999999999999,3
-0.20002857142857144,0.44800000000000006,3
-0.08597142857142837,0.4019999999999999,1
1.056942857142857,0.714,2
-0.31417142857142877,-0.39600000000000013,3
1.0002285714285715,0.844,0
1.7428,1.0,0
-0.5997714285714288,-7.382,1
1.7427142857142859,0.806,0
-0.5998857142857144,-10.038,2
0.5429714285714284,-2.556,3
-0.9432571428571432,-9.736,2
1.5139142857142858,1.0,0
-0.3713428571428572,-4.398,3
0.7713142857142858,0.19399999999999995,1
0.08594285714285699,-6.6819999999999995,2
-1,-1.1360000000000001,3
0.5428000000000001,0.22599999999999998,1
-0.7714857142857143,0.038000000000000034,2
1.628742857142857,1.0,0
-1,0.494,1
0.9999714285714286,1.0,0
1.4000857142857142,1.0,0
0.8286857142857142,-0.1259999999999999,1
-2.371228571428571,-6.5120000000000005,3
-0.028514285714285714,0.756,3
1.6287142857142856,1.0,0
0.3143714285714285,-0.6079999999999999,3
-0.08548571428571439,-5.36,3
0.31405714285714303,-2.322,2
-0.3142857142857143,0.568,2
0.14305714285714266,-0.494,1
1.4571142857142858,1.0,0
0.14294285714285704,-1.4300000000000002,1
0.14308571428571404,-0.484,1
-1.4571428571428573,-1.596,3
0.42879999999999974,-3.9859999999999998,2
-0.08551428571428588,-0.5640000000000001,2
0.3142571428571429,-0.32400000000000007,1
-0.2575714285714288,-2.16,2
-1,-0.3340000000000001,3
1.5715142857142856,0.5900000000000001,0
0.771657142857143,-1.282,0
0.42877142857142836,-3.896,1
-1.1716571428571427,-2.7560000000000002,1
1.5138571428571428,1.0,0
0.8858571428571427,0.776,0
0.7142857142857143,-0.8280000000000001,1
0.1999428571428572,-3.106,2
-0.5431428571428569,-7.093999999999999,3
-0.7713428571428573,-8.126000000000001,2
-0.9999714285714285,0.736,3
0.2574285714285711,0.496,3
0.19997142857142858,-1.802,2
-0.7142285714285714,-3.4539999999999997,2
-1.285514285714286,-2.65,2
0.5428000000000001,-1.294,3
0.5430857142857141,-2.224,2
0.8854571428571427,-0.484,1
0.4856571428571429,-0.9059999999999999,1
0.8856857142857143,0.896,1
0.943057142857143,0.942,2
1.8000571428571428,0.918,0
0.7715714285714285,-0.508,3
0.4858285714285713,0.038000000000000034,2
0.2568571428571431,-3.024,1
0.48534285714285685,-1.4899999999999998,3
0.7143999999999999,0.018000000000000016,1
-0.7711714285714288,-0.45799999999999996,3
-0.6572285714285713,-3.4539999999999997,3
0.42879999999999974,0.842,1
0.9430857142857144,0.862,0
1.1138857142857144,0.45399999999999996,0
0.48585714285714277,0.25,2
-1,-0.1499999999999999,0
1.4572285714285713,0.886,0
-0.08571428571428563,-2.598,3
-0.25708571428571436,1.0,0
0.3713142857142858,0.984,2
0.3715999999999998,1.0,2
0.828857142857143,1.0,1
0.20025714285714258,0.876,1
1.685485714285714,1.0,0
1.8572,1.0,0
0.9430857142857144,0.512,1
0.5431142857142854,1.0,2
0.08579999999999988,1.0,1
0.5426000000000002,0.97,2
0.8286571428571428,0.764,1
1.742942857142857,0.8180000000000001,0
-0.08545714285714312,0.938,3
-0.14288571428571428,1.0,3
1.1143999999999998,1.0,1
0.4854000000000003,1.0,2
0.6002571428571426,0.18599999999999994,2
1.114342857142857,0.86,1
-1,0.928,3
0.8859428571428573,0.714,0
1.5716857142857144,0.776,0
1.6859714285714287,0.896,0
-0.028514285714285714,0.782,1
0.3142857142857143,0.948,2
-2.5428285714285708,1.0,3
0.428742857142857,0.918,2
1.685914285714286,1.0,0
0.6572285714285713,0.976,3
-1.8000285714285713,-1.3039999999999998,3
1.7999714285714286,0.67,0
-0.31417142857142877,0.5599999999999999,3
0.7715142857142856,0.866,2
-0.3713714285714287,-0.518,3
1.1138857142857144,0.498,1
-0.657,-0.026000000000000023,3
-0.37159999999999993,-1.7679999999999998,2
-0.42859999999999987,-2.7,3
-0.7142285714285714,-1.702,1
0.7714857142857142,0.662,0
-0.5426000000000002,-1.084,1
0.028657142857142825,-0.8320000000000001,2
0.9426571428571427,1.0,0
0.5429999999999999,0.31200000000000006,0
-0.20034285714285693,-0.09600000000000009,2
0.08585714285714274,0.512,2
1.3998,1.0,0
1.7431142857142858,1.0,0
-1.7998857142857143,0.88,3
0.142485714285714,-0.5640000000000001,3
-0.6575428571428574,-4.512,3
-1,-6.390000000000001,2
1.2854,0.81,0
-0.5998571428571431,0.498,3
0.828742857142857,-0.03600000000000003,3
0.9997714285714284,0.7,1
0.1429999999999999,-1.37,1
0.7715999999999998,0.23399999999999999,1
1.6282571428571428,0.952,0
1.6288285714285715,0.8160000000000001,0
-0.37128571428571444,0.758,3
0.6002571428571426,0.79,2
0.6002285714285712,-1.076,1
0.5430857142857141,0.19399999999999995,1
-1.1716285714285712,-1.5179999999999998,2
1.5715714285714284,0.6799999999999999,0
0.2572,-3.4079999999999995,2
-2.2571714285714286,-1.3280000000000003,3
0.7143714285714284,0.95,1
-0.31417142857142877,1.0,3
0.3715999999999998,-1.718,2
1.2854857142857141,0.592,1
0.25711428571428574,0.966,2
1.8573714285714287,0.952,0
1.8001142857142856,0.62,0
1.9143714285714286,1.0,0
-0.08574285714285712,1.0,2
0.1431428571428569,1.0,2
-0.5426000000000002,1.0,3
1.285885714285714,0.514,1
-1.1142571428571428,1.0,3
1.2854285714285714,1.0,1
0.9999714285714286,0.842,2
-0.4285428571428571,1.0,2
-0.08568571428571436,0.696,1
0.14311428571428553,0.806,3
1.1138857142857144,0.884,1
-5.399942857142857,1.0,3
-1,1.0,3
0.8858857142857142,1.0,2
1.6858,0.856,0
-3.0002000000000004,0.662,3
1.1146571428571428,1.0,1
-0.3139428571428575,0.008000000000000007,3
-0.6568285714285718,-0.21799999999999997,2
0.028685714285714203,0.372,2
1.0576285714285714,1.0,1
0.7714000000000001,0.06999999999999995,2
-1.400142857142857,-0.1439999999999999,2
0.5430285714285712,1.0,2
1.0576285714285714,0.32599999999999996,0
0.4861714285714288,1.0,1
-1.1149714285714287,1.0,3
1.9140857142857142,0.45799999999999996,0
-0.028085714285714047,1.0,1
-1,-1.2320000000000002,3
1.1143142857142856,0.388,0
-0.2570571428571429,-0.6480000000000001,3
0.5424285714285711,0.906,1
0.7144285714285713,0.524,2
-0.42928571428571427,-0.53,2
-1.685228571428571,-0.20799999999999996,2
-1.1711142857142862,-0.0040000000000000036,3
1.5705142857142855,0.87,0
1.5134000000000003,0.698,0
-0.42877142857142836,0.08599999999999997,2
1.628742857142857,1.0,0
1.3430857142857144,1.0,1
0.6571714285714285,1.0,1
-0.2576857142857145,0.5,3
1.3430285714285712,0.788,0
0.6567714285714286,0.984,1
-0.5424285714285713,1.0,3
1.0570285714285714,1.0,1
1.8,0.618,0
-0.4855428571428573,0.32599999999999996,3
-4.371257142857143,1.0,3
0.3717714285714283,1.0,1
0.9431142857142858,0.132,0
0.9993142857142857,1.0,1
-1.4571714285714283,-27.552,2
0.14194285714285737,-9.908,1
-1.5716285714285712,-10.978,2
-0.6000000000000001,-2.604,1
0.5428285714285714,-7.071999999999999,2
0.08482857142857159,0.32800000000000007,0
0.3145428571428569,-0.486,0
1.742142857142857,0.614,0
-1.5147142857142861,-21.582,3
0.3147428571428573,-12.368,3
-0.02894285714285738,-9.506,2
0.8860285714285715,-2.79,1
0.7712857142857144,0.54,0
-0.08562857142857161,-6.531999999999999,3
0.8286857142857142,-2.242,2
0.02874285714285696,-2.97,2
0.6573428571428572,-2.814,1
0.19917142857142867,-2.114,1
0.5998000000000001,-0.268,0
0.371914285714286,-7.0440000000000005,3
-1,-3.7299999999999995,2
-0.42834285714285736,0.19600000000000006,3
-1.1712000000000002,-9.946,3
1.8001714285714283,0.924,0
0.42794285714285707,-0.8679999999999999,1
-0.2566571428571427,-1.8860000000000001,2
0.6570000000000001,-0.22799999999999998,0
-1,-1.8120000000000003,1
0.4855428571428573,-4.894,3
1.742142857142857,0.93,0
1.1146285714285715,0.29800000000000004,1
0.429057142857143,-1.4460000000000002,1
-1,-1.854,3
-0.7142571428571429,-4.892,2
-0.7141142857142859,-3.258,3
0.8285428571428571,0.746,0
-0.8858285714285714,0.30400000000000005,2
1.4002571428571429,0.738,1
-1.343742857142857,-1.742,1
1.7993428571428571,0.44999999999999996,0
0.6568571428571428,-1.5420000000000003,1
0.8860857142857143,0.65,3
-0.42811428571428545,0.242,2
-0.4284000000000001,-6.014,3
1.4570285714285716,0.73,0
1.1146,0.126,0
0.9992571428571428,0.06999999999999995,0
1.6858,0.8180000000000001,0
-0.6570285714285715,-4.88,3
0.42797142857142845,-1.1399999999999997,1
-0.7140857142857144,-0.75,1
1.171942857142857,0.42599999999999993,0
0.8277428571428572,0.18200000000000005,1
0.14297142857142842,0.31600000000000006,3
1.6850571428571428,0.692,0
1.0005142857142855,1.0,0
-0.028628571428571448,-1.274,2
0.6002285714285712,-2.336,1
0.7716857142857143,-0.6480000000000001,2
-2.7710571428571424,-6.25,3
0.828857142857143,-0.15799999999999992,1
0.02874285714285696,-1.7760000000000002,2
1.000257142857143,0.8360000000000001,2
-0.8855428571428574,-3.79,2
1.5717142857142856,1.0,0
0.08608571428571454,0.126,3
0.25751428571428603,0.30999999999999994,3
0.028657142857142825,-2.696,3
0.6004857142857145,-1.0219999999999998,2
0.20002857142857144,-3.646,3
0.828342857142857,-0.06999999999999984,1
0.6004857142857145,0.37,2
1.4574571428571428,0.712,1
0.14311428571428553,0.854,3
0.7141714285714287,0.08599999999999997,1
-0.6579999999999999,0.06799999999999995,3
1.4002285714285716,1.0,0
-1.1712285714285717,0.642,3
0.7144857142857144,0.592,2
1.114742857142857,0.124,1
1.7433714285714283,0.8340000000000001,0
1.6288857142857143,1.0,0
-0.6572285714285713,-0.16199999999999992,2
-0.8853428571428568,0.06799999999999995,2
0.14334285714285733,-2.8579999999999997,2
1.286142857142857,0.8300000000000001,1
1.5706571428571428,0.838,0
0.3136,0.23199999999999998,2
1.1718857142857142,1.0,0
0.14294285714285704,0.16400000000000003,2
1.4569428571428569,0.716,0
1.7432857142857143,1.0,0
0.5433428571428573,0.918,1
1.7430857142857143,0.94,0
-0.5998857142857144,-0.35399999999999987,2
0.14205714285714288,-0.9059999999999999,1
1.343057142857143,1.0,2
0.3713714285714286,0.964,3
1.7422,0.5900000000000001,0
1.2858285714285713,0.998,1
-0.5423714285714283,0.124,3
-0.20040000000000036,-3.0939999999999994,3
0.542485714285714,0.31200000000000006,2
0.028628571428571337,1.0,3
0.7139714285714285,0.8160000000000001,3
0.4286,-1.3039999999999998,3
0.5428000000000001,-1.2719999999999998,1
1.1142,0.62,1
0.08579999999999988,-0.1439999999999999,2
1.1717142857142857,0.742,1
0.7141714285714287,1.0,1
1.1709142857142858,0.982,1
-0.4864571428571429,-2.7039999999999997,2
-4.0854,-0.8940000000000001,3
0.8285142857142858,0.6,1
0.9992571428571428,0.728,1
1.800257142857143,0.774,0
-0.6572285714285713,-0.4159999999999999,3
-0.25708571428571436,0.802,3
0.828742857142857,0.596,2
0.028828571428571204,-0.9280000000000002,2
-0.5998857142857144,-1.5140000000000002,2
1.2284000000000002,1.0,0
0.14302857142857128,-0.04200000000000004,2
-1,0.95,2
-0.31405714285714303,0.026000000000000023,3
0.4290857142857145,0.388,1
1.6850285714285715,1.0,0
0.7144571428571427,0.027999999999999914,3
1.0570285714285714,1.0,0
1.6288,1.0,0
-0.08548571428571439,-0.252,2
0.8285428571428571,0.728,1
1.5140857142857143,0.844,0
0.8288000000000001,0.43799999999999994,0
-0.7140285714285717,-0.11799999999999988,3
0.5428857142857142,0.05999999999999994,2
1.6290285714285715,1.0,0
0.8849142857142858,1.0,0
-0.4284000000000001,0.694,3
-0.25722857142857136,0.51,3
-1,-0.9579999999999997,3
0.828342857142857,0.596,1
0.8861714285714285,0.266,1
0.028799999999999826,-9.232,1
-0.7712285714285716,-25.445999999999998,3
-0.1999714285714287,-4.304,1
1.5143142857142857,0.87,0
-3.571142857142857,-11.184000000000001,2
1.0564857142857143,0.42800000000000005,0
0.14265714285714304,-4.976,1
-0.37091428571428553,-0.8719999999999999,2
-0.31434285714285704,-5.756,3
-0.08554285714285736,-1.246,1
-0.3143999999999998,0.548,3
-1.5714571428571427,-8.501999999999999,3
0.6573428571428572,0.30400000000000005,3
0.31362857142857137,-1.83,1
0.14319999999999966,-4.914,3
1.0569714285714287,0.508,0
-1,-12.66,3
1.8566285714285715,0.742,0
0.6567714285714286,-2.902,1
0.714,-1.69,2
0.6571714285714285,0.16400000000000003,0
0.14334285714285733,0.04800000000000004,2
1.7428,1.0,0
1.5134285714285716,0.734,0
0.1432285714285717,-3.6020000000000003,2
-0.8285142857142858,-3.9880000000000004,3
-0.9996571428571432,0.018000000000000016,2
1.2862,1.0,0
-0.2001142857142857,-7.718,2
0.25737142857142836,0.498,3
-0.8858571428571427,-3.7200000000000006,1
0.8285714285714285,-0.3640000000000001,1
-0.2000571428571427,0.248,2
0.6000571428571428,-0.19600000000000017,1
-1.056628571428571,-0.29000000000000004,2
1.6277714285714286,1.0,0
0.9992857142857143,0.85,0
-2.8286857142857142,0.46399999999999997,2
1.6286,1.0,0
-0.25668571428571396,1.0,1
0.7715714285714285,1.0,1
1.7431142857142858,0.842,0
0.8287142857142856,1.0,1
0.028942857142857492,0.514,2
-0.19959999999999978,0.31200000000000006,3
1.6861714285714284,0.95,0
-0.14265714285714304,1.0,1
0.8861142857142856,0.75,1
-1.9723142857142855,-0.8539999999999999,3
-1,0.596,2
1.2281142857142857,0.96,0
0.4858285714285713,0.616,3
-0.2576000000000003,-1.3079999999999998,2
0.37140000000000006,0.926,1
1.1145714285714285,1.0,1
0.48519999999999985,0.728,1
-0.2571714285714286,0.55,2
1.457,1.0,1
1.0002285714285715,-0.16400000000000015,0
1.6855714285714287,1.0,0
-0.08551428571428588,0.842,3
1.7432857142857143,0.8280000000000001,0
-0.3138857142857141,-0.5539999999999998,3
-0.08599999999999963,-0.702,2
1.7993999999999999,1.0,0
-1.1140857142857143,0.73,3
-0.8287142857142855,0.75,3
0.02845714285714296,1.0,3
-0.2004571428571431,0.8200000000000001,2
-1.9712,0.484,3
-0.14331428571428595,-0.5539999999999998,2
0.028657142857142825,0.20599999999999996,2
-0.19999999999999996,0.902,1
1.7431428571428573,0.8140000000000001,0
-0.9433714285714287,-1.814,3
-0.0861428571428573,0.1439999999999999,2
0.4856285714285715,1.0,2
0.8848857142857144,1.0,0
1.5134000000000003,1.0,0
0.5427142857142859,1.0,1
0.37168571428571406,-0.6640000000000001,2
0.3141142857142859,0.958,3
0.428457142857143,0.852,3
-1.0572,-3.4159999999999995,3
0.4862000000000002,1.0,1
1.6277428571428572,0.96,0
0.8287714285714287,0.954,1
1.686142857142857,0.94,0
0.08599999999999974,-0.3420000000000001,2
-1,1.0,3
-0.08608571428571454,-2.218,3
1.000142857142857,0.698,1
-0.028485714285714447,0.42599999999999993,3
0.4286,1.0,1
1.5706285714285715,0.966,0
1.2286,0.788,1
-0.14328571428571446,-0.6019999999999999,2
0.6568285714285713,1.0,2
0.5424571428571425,1.0,3
1.6855428571428575,0.928,0
-0.31445714285714277,-0.254,3
0.08602857142857112,0.20999999999999996,2
0.028771428571428337,1.0,1
0.2570285714285715,0.1359999999999999,2
1.2290571428571426,0.76,0
0.19920000000000004,1.0,1
1.1718285714285714,1.0,0
0.25722857142857136,-0.8320000000000001,2
-1.1150000000000002,0.528,3
0.42862857142857136,1.0,1
-0.4281999999999997,1.0,3
-0.7714857142857143,0.782,3
0.08597142857142837,0.992,2
1.4005142857142856,0.6759999999999999,0
0.3717714285714283,0.32400000000000007,0
-0.14245714285714262,0.051999999999999935,2
0.657057142857143,1.0,1
0.3707999999999999,0.732,2
-0.08579999999999988,1.0,2
0.7718,1.0,1
-1,0.646,0
0.4858285714285713,1.0,1
0.7713428571428572,0.45399999999999996,2
0.7140571428571427,0.658,3
1.7432857142857143,0.5940000000000001,0
-0.08599999999999963,1.0,1
-1.6290285714285715,1.0,3
-0.42834285714285736,0.16400000000000003,3
-0.3144285714285713,1.0,1
-1,0.922,3
0.2574285714285711,0.4059999999999999,0
0.6568,1.0,1
1.3996857142857142,0.516,0
0.9429999999999998,0.716,0
0.5995714285714283,0.528,2
1.5706571428571428,0.844,0
-0.4282857142857146,-0.1279999999999999,3
0.2563714285714286,1.0,1
0.2002285714285712,-0.028000000000000025,3
0.7143428571428572,1.0,1
-0.7144285714285712,0.3440000000000001,2
-0.4280285714285712,0.962,2
1.6862,1.0,0
-0.19945714285714278,0.22199999999999998,2
1.3424857142857143,0.92,0
0.028485714285714336,-0.8660000000000001,1
-0.7715428571428571,-1.8780000000000001,2
0.4285714285714286,0.474,1
0.657057142857143,-0.052000000000000046,2
-0.7717714285714283,0.9359999999999999,3
1.2284857142857144,0.378,0
1.742285714285714,1.0,0
0.2564000000000001,-1.2399999999999998,3
1.685885714285714,1.0,0
-1.0,0.378,3
-0.2572857142857141,-0.22999999999999998,1
1.1146857142857143,0.8300000000000001,1
-1.571857142857143,-0.532,3
-1,-6.595999999999999,3
1.7421714285714285,0.896,0
0.8289428571428571,0.652,2
0.19917142857142867,-1.2039999999999997,2
0.31445714285714266,-1.94,3
1.6861142857142857,1.0,0
1.8576285714285712,0.688,0
-0.5425428571428574,0.46799999999999997,2
1.3426,0.91,0
1.0574285714285714,0.758,2
0.5996285714285712,0.584,1
0.485142857142857,1.0,1
0.37171428571428544,-1.0379999999999998,2
-0.9433428571428573,0.19199999999999995,3
-0.7145428571428569,1.0,2
0.3713428571428572,-6.2,3
0.4856285714285715,0.588,1
0.771257142857143,0.714,1
0.4285714285714286,0.394,1
0.3136,-0.7239999999999998,2
0.14268571428571442,0.762,3
0.599714285714286,0.65,0
1.7999142857142858,1.0,0
-0.2570571428571429,0.33799999999999997,2
1.7430571428571429,0.882,0
0.42862857142857136,-0.3400000000000001,2
1.0570285714285714,0.262,0
0.7717428571428572,0.92,1
0.20037142857142887,1.0,2
1.4573428571428573,0.766,0
1.4568571428571429,0.778,1
0.5428285714285714,0.8220000000000001,1
0.48574285714285714,0.776,2
1.7999142857142858,0.55,0
-1,-0.5939999999999999,2
0.31368571428571423,0.77,1
1.8002857142857143,0.63,0
1.457285714285714,0.964,1
0.8289714285714285,-0.006000000000000005,1
0.9431714285714287,0.85,2
-0.42865714285714285,0.28400000000000003,3
-1.0006285714285714,-1.334,3
-0.02894285714285738,0.712,3
1.7430857142857143,0.6759999999999999,0
0.14205714285714288,-2.2939999999999996,2
0.485142857142857,0.19800000000000006,0
0.6573142857142855,0.44199999999999995,3
-0.7713428571428573,-0.9739999999999998,3
1.2291428571428573,0.8280000000000001,1
0.0859142857142855,0.26,3
0.6567428571428572,0.614,1
-1.0577428571428573,-4.122,3
-0.14231428571428562,-1.2519999999999998,3
1.4574,1.0,0
0.08494285714285721,0.23199999999999998,2
-0.3712000000000002,-0.43000000000000016,2
-0.7144571428571427,-0.08800000000000008,3
0.6572857142857141,0.95,1
1.3996285714285714,1.0,0
-2.2001142857142857,-1.0460000000000003,3
0.028828571428571204,-0.6539999999999999,3
0.48571428571428577,-0.56,2
1.7422,1.0,0
0.485142857142857,-0.274,1
-0.19945714285714278,0.62,3
1.571885714285714,1.0,0
0.7145714285714286,0.8,1
0.5995999999999997,0.016000000000000014,2
1.1717714285714287,0.984,1
-0.02828571428571447,0.748,3
0.3717714285714283,-2.53,2
0.20051428571428587,-0.9159999999999999,3
1.2856571428571428,0.54,0
-2.6569714285714285,0.08399999999999996,1
1.399657142857143,1.0,0
1.4000571428571429,0.988,1
-1.9140857142857146,-0.014000000000000012,2
0.25762857142857165,-1.4660000000000002,2
0.943057142857143,0.892,3
1.0564857142857143,1.0,0
0.8861428571428571,0.796,1
0.8286,1.0,2
1.685914285714286,0.878,0
0.5995714285714283,0.8340000000000001,1
1.5715999999999999,1.0,0
1.2862285714285713,1.0,0
0.42900000000000027,-0.11999999999999988,2
0.08582857142857137,0.712,3
0.3145714285714283,0.958,2
-0.3142857142857143,-1.8159999999999998,3
0.7712857142857144,0.9,1
1.2290285714285714,0.374,1
0.02831428571428596,0.548,3
1.000257142857143,1.0,2
1.2852857142857144,0.504,1
0.2000857142857142,-4.706,3
0.4280285714285713,-1.42,3
0.3713428571428572,-1.484,2
0.8860571428571429,-0.07799999999999985,1
-0.885285714285714,-2.376,2
0.08579999999999988,-2.566,3
1.7998857142857143,1.0,0
1.0564285714285715,1.0,0
0.37074285714285715,-3.59,2
1.6287142857142856,1.0,0
0.7141142857142859,-0.21999999999999997,2
-1,0.252,2
1.7422285714285715,1.0,0
-0.6571714285714285,0.42800000000000005,1
0.429057142857143,0.78,3
1.7432571428571428,0.94,0
0.5428571428571429,-0.492,1
1.4002285714285716,1.0,0
-1.000457142857143,-2.882,2
1.0004571428571427,0.786,1
1.2857142857142856,1.0,0
0.7716857142857143,0.15800000000000003,1
1.7434000000000003,0.876,0
0.3147428571428573,0.74,1
0.5428000000000001,-0.5760000000000001,1
0.1992571428571429,0.502,3
0.028371428571428714,-1.4500000000000002,2
-0.08574285714285712,-0.31000000000000005,3
-0.37205714285714286,0.14800000000000002,3
-0.6579714285714284,-0.698,3
-1.3430285714285715,-0.05800000000000005,3
0.3709428571428569,-0.9140000000000001,1
1.6290285714285715,1.0,0
0.7142857142857143,0.538,2
-0.5425428571428574,0.44599999999999995,2
1.5715714285714284,0.768,1
0.5427428571428572,1.0,3
0.6002285714285712,0.19600000000000006,0
1.114742857142857,0.28800000000000003,0
1.6288857142857143,0.994,0
0.4290857142857145,0.88,3
-0.5430285714285712,0.648,2
1.2282285714285714,0.29600000000000004,0
1.4568285714285714,1.0,0
-0.5999428571428571,1.0,3
0.028342857142857336,0.852,2
1.686257142857143,0.914,0
0.943342857142857,0.648,2
0.6568857142857142,-0.15799999999999992,1
1.1146285714285715,0.8360000000000001,2
0.7145428571428573,0.524,1
0.6567714285714286,0.08399999999999996,0
-1,1.0,2
0.5429999999999999,1.0,2
0.8860571428571429,0.30999999999999994,0
0.9431428571428572,0.888,1
0.42794285714285707,-1.1520000000000001,2
1.7433428571428569,0.624,0
0.02831428571428596,0.734,3
1.4570571428571428,0.712,1
0.8290285714285713,0.64,1
1.343057142857143,0.886,1
-0.2001142857142857,0.862,3
-1.4574857142857138,1.0,3
1.2285428571428572,0.45999999999999996,1
-0.37205714285714286,0.32400000000000007,3
0.599714285714286,0.846,3
0.48560000000000014,0.724,2
0.42891428571428536,-1.1360000000000001,2
1.1142285714285716,1.0,1
0.3717714285714283,1.0,3
0.02859999999999996,-1.388,2
1.857457142857143,0.6839999999999999,0
-0.9423999999999997,-3.902,2
0.5428000000000001,-0.3759999999999999,1
0.8849428571428573,0.254,0
1.2281428571428572,0.526,2
0.9432,0.55,1
-4.428857142857143,-2.038,3
1.5146000000000002,0.67,0
-0.6569428571428573,-0.8500000000000001,1
0.48534285714285685,0.8220000000000001,2
0.37074285714285715,-2.1879999999999997,2
0.6572571428571428,-1.568,1
0.7140571428571427,0.58,3
0.42814285714285694,0.714,3
0.7714285714285715,0.564,3
0.6576857142857144,0.616,3
-1.1148857142857143,-0.698,1
1.7993714285714284,0.944,0
-0.37088571428571404,-0.1140000000000001,3
0.25645714285714283,0.28,3
0.7706000000000001,-1.1640000000000001,2
1.2853428571428571,0.602,0
-1.2853428571428567,-1.448,3
-0.3148000000000002,-0.29400000000000004,1
0.7145714285714286,0.04800000000000004,0
0.8858857142857142,0.8140000000000001,2
0.657057142857143,0.31200000000000006,2
-0.5426285714285717,0.02200000000000002,3
0.4285714285714286,-0.996,1
0.6576857142857144,-0.706,2
1.7999714285714286,0.518,0
0.2004857142857145,0.14600000000000013,1
1.2854285714285714,0.488,0
1.8005714285714287,1.0,0
0.6,-0.558,1
-4.0856,0.646,1
-0.3143714285714285,1.0,3
0.8288285714285715,1.0,1
-0.8856000000000002,0.66,3
0.3708285714285713,0.616,2
1.8003428571428572,1.0,0
0.37091428571428553,0.954,3
-1.0567714285714285,0.548,2
1.6284285714285716,1.0,0
1.8005428571428572,0.9339999999999999,0
0.2563714285714286,0.266,2
0.7711999999999999,1.0,1
0.31362857142857137,1.0,3
0.1432285714285717,-0.32600000000000007,2
0.7140285714285713,1.0,1
-0.6573142857142855,0.25,3
1.056542857142857,1.0,1
0.42891428571428536,0.248,2
0.5428285714285714,1.0,1
1.5146285714285714,0.644,0
-2.3713999999999995,-1.6640000000000001,3
1.7432571428571428,0.694,0
0.7711999999999999,0.8,2
1.2286,0.782,1
0.6000571428571428,0.764,3
-2.028514285714286,0.666,2
1.6278000000000001,0.938,0
1.3434285714285716,0.872,0
-0.5998285714285716,0.976,2
0.7717714285714286,1.0,1
1.7430571428571429,0.896,0
-1.5713714285714286,0.236,3
0.8850285714285714,0.862,1
1.7999428571428573,0.664,0
0.25751428571428603,-0.77,3
1.1148857142857145,0.896,2
1.8574857142857142,0.3400000000000001,0
0.1429999999999999,-2.5759999999999996,1
-0.20051428571428587,-5.486,3
0.2577142857142859,-0.6260000000000001,1
1.7433142857142856,0.52,0
1.7995428571428573,0.702,0
0.1432285714285717,-1.3120000000000003,3
0.02885714285714258,-3.316,2
1.0570857142857144,0.364,0
0.3147428571428573,-1.1640000000000001,1
0.4853714285714289,0.46599999999999997,0
-0.5997428571428574,-2.074,2
0.31362857142857137,0.28600000000000003,3
1.627857142857143,1.0,0
0.5995428571428569,-1.3600000000000003,1
0.48534285714285685,-0.484,1
0.3707999999999999,-3.0140000000000002,2
0.429057142857143,-0.14800000000000013,1
-1.2854285714285716,0.612,3
1.4573714285714288,0.96,0
0.19937142857142853,-2.118,1
0.42851428571428574,-0.9219999999999999,3
0.7712285714285713,0.744,2
-0.1432285714285717,-1.33,3
0.9993428571428571,0.866,3
1.0576285714285714,0.6839999999999999,2
-0.7715142857142856,-2.902,3
0.42811428571428545,0.9359999999999999,2
0.028342857142857336,-1.476,2
0.6005428571428573,-2.562,2
1.571657142857143,1.0,0
1.1138571428571429,0.924,1
1.1146571428571428,0.908,2
0.48611428571428605,0.06999999999999995,1
0.9430857142857144,0.42000000000000004,0
0.02777142857142867,-1.5100000000000002,3
-0.8280285714285713,0.588,2
1.2862,0.8160000000000001,0
0.20017142857142844,0.404,3
1.2280285714285712,1.0,1
0.1421714285714285,-0.052000000000000046,2
1.5706285714285715,0.8220000000000001,0
-5.9718285714285715,-1.2920000000000003,2
0.8288000000000001,0.4139999999999999,3
-0.3137428571428569,-0.46599999999999997,2
-0.31485714285714295,0.254,2
1.8003714285714285,0.632,0
-0.2567714285714282,1.0,1
0.7714857142857142,1.0,1
0.37182857142857173,1.0,1
0.25645714285714283,1.0,1
-0.3715142857142857,-0.6719999999999999,3
1.2285142857142857,0.10199999999999998,0
0.028914285714285448,0.51,3
0.5428285714285714,1.0,1
-0.9995714285714283,-0.482,2
-0.9423142857142857,-0.006000000000000005,3
1.6851142857142856,0.794,0
1.7427714285714286,0.838,0
-0.1999714285714287,-0.01200000000000001,3
-0.08577142857142861,1.0,2
0.20037142857142887,1.0,1
0.028342857142857336,-0.508,3
1.7999428571428573,0.768,0
0.3708571428571428,0.608,0
-0.37145714285714293,-0.1499999999999999,3
-1.3427428571428575,0.576,3
1.7995142857142858,0.998,0
0.5995999999999997,1.0,1
0.8290285714285713,1.0,1
-0.02831428571428596,-0.1160000000000001,2
-0.370942857142857,-0.56,2
1.0564571428571428,0.5660000000000001,0
0.31377142857142837,-0.32200000000000006,1
0.19934285714285704,-1.9219999999999997,1
-1.4575142857142862,-5.473999999999999,3
-0.31485714285714295,0.396,2
0.5429714285714284,-1.6719999999999997,3
1.857057142857143,1.0,0
1.8576857142857146,1.0,0
0.6568571428571428,-0.552,2
-0.25657142857142845,0.0039999999999998925,1
1.343457142857143,0.488,1
-0.7146285714285712,1.0,2
-0.5423714285714283,0.061999999999999944,1
-0.19988571428571444,-4.465999999999999,3
0.08497142857142859,-0.3740000000000001,1
0.3146571428571432,1.0,3
1.3427714285714287,0.698,1
1.3997142857142857,0.44999999999999996,0
1.1136857142857142,0.132,1
1.6849714285714286,1.0,0
0.7718285714285714,0.45399999999999996,2
-0.6568285714285718,-2.19,3
-0.14265714285714304,0.24,2
1.457285714285714,1.0,0
-0.7718000000000003,0.30199999999999994,3
-0.7718285714285718,0.14800000000000002,3
-4.714,-2.074,2
-0.429342857142857,-0.8199999999999998,2
1.7422571428571427,1.0,0
0.828342857142857,0.76,1
1.5143999999999997,1.0,0
0.6569714285714288,1.0,2
0.20034285714285682,0.71,3
0.5999428571428572,0.496,2
1.6859428571428574,0.972,0
-0.8280285714285713,0.236,3
-3.8581142857142865,-2.4659999999999997,2
-1.1713142857142858,0.30000000000000004,2
1.5148857142857144,1.0,0
-0.7712571428571431,0.30999999999999994,3
0.48599999999999977,0.92,2
1.7434571428571428,0.608,0
0.4284000000000001,-1.4340000000000002,3
1.7418285714285715,0.65,0
1.2291714285714286,0.23399999999999999,2
0.7711428571428571,0.5660000000000001,1
1.628742857142857,0.968,0
-0.37088571428571404,0.526,1
0.3713714285714286,0.1140000000000001,3
1.4002857142857144,0.376,0
0.31434285714285715,0.856,2
-0.5433428571428573,0.368,3
0.7138857142857143,1.0,2
1.2853714285714286,0.5980000000000001,1
1.7417714285714285,1.0,0
-0.08477142857142872,0.672,3
1.1146285714285715,0.89,0
0.313314285714286,0.96,3
-0.08531428571428545,0.20999999999999996,1
-1,0.264,1
0.3714857142857142,-2.7560000000000002,2
1.7417714285714285,1.0,0
0.4281714285714283,-0.5960000000000001,3
1.2290285714285714,0.622,1
1.685657142857143,1.0,0
0.5420857142857143,-0.5699999999999998,1
0.7143999999999999,-1.428,1
0.3149428571428572,0.81,2
-3.799657142857143,0.666,3
0.027314285714285513,-1.1079999999999997,2
0.8289714285714285,0.764,1
0.3714857142857142,0.51,3
-0.8865999999999998,-1.4460000000000002,2
1.114342857142857,0.648,1
1.1717142857142857,0.516,1
1.9139428571428572,0.43600000000000005,0
0.3705142857142859,-1.4100000000000001,1
-0.8857142857142857,-2.518,3
0.25725714285714274,-0.248,3
0.943457142857143,0.55,1
0.1425714285714288,-0.6079999999999999,2
1.5712571428571431,1.0,0
1.5702857142857143,1.0,0
0.8858857142857142,0.584,1
-0.5424571428571425,1.0,3
0.1433714285714287,-0.688,3
1.7436857142857143,1.0,0
0.4856571428571429,-0.9199999999999999,3
-0.828457142857143,-2.2060000000000004,3
1.6285142857142858,1.0,0
0.5421428571428571,0.902,2
-0.9427428571428573,-0.1140000000000001,3
1.7429714285714284,0.8180000000000001,0
-0.02805714285714278,-0.28400000000000003,1
1.2292857142857143,0.916,1
-0.31362857142857137,-0.1339999999999999,3
0.9429714285714285,0.692,1
1.3425714285714285,0.41200000000000003,1
1.8574285714285717,0.368,0
-0.2568571428571431,-0.28800000000000003,2
-1.685,-0.18399999999999994,3
0.31488571428571444,-1.0019999999999998,2
1.7996,1.0,0
0.600457142857143,0.14,2
1.6292857142857144,0.98,0
-4.485314285714286,-1.5,2
0.2573142857142856,-0.6300000000000001,2
0.3705142857142859,0.5940000000000001,2
0.6564857142857142,0.554,3
0.7143428571428572,-0.6559999999999999,2
-0.1991142857142858,0.838,3
1.4577142857142857,0.982,0
0.42945714285714265,0.922,3
-0.31351428571428586,0.238,2
-0.8286857142857142,0.486,3
1.0004571428571427,1.0,2
0.08617142857142879,-0.964,3
-1.0008285714285714,0.734,3
0.8280285714285713,0.14600000000000013,0
1.6857714285714285,1.0,0
0.6568,-0.06800000000000006,1
-0.029885714285714293,0.31600000000000006,1
0.48480000000000023,0.4,2
1.8008857142857142,1.0,0
1.3426857142857145,1.0,1
0.14297142857142842,1.0,3
1.0554285714285714,0.596,3
0.9434285714285715,0.968,1
0.9432571428571428,0.558,2
1.2862857142857145,0.588,1
1.3433714285714284,0.778,2
1.743742857142857,0.6759999999999999,0
1.2282285714285714,0.46399999999999997,2
0.9436285714285714,0.378,1
1.343742857142857,0.498,1
1.4569714285714288,1.0,1
1.1127428571428573,0.482,2
1.8562285714285713,0.804,0
1.0007142857142857,0.268,0
1.1714857142857142,0.966,0
0.3150571428571428,-0.1160000000000001,1
-0.14191428571428588,0.488,3
0.9436857142857142,0.8300000000000001,2
1.4567999999999999,0.924,0
0.4276000000000002,1.0,1
1.572142857142857,0.786,0
1.1710857142857143,0.9359999999999999,2
1.7989714285714284,0.978,0
1.7427428571428574,0.714,0
0.5421428571428571,0.892,2
0.4286857142857142,0.27,2
0.7141142857142859,1.0,3
1.5714285714285714,0.89,0
1.2862285714285713,1.0,1
0.8861142857142856,0.39,1
1.6863714285714286,1.0,0
-2.6570285714285715,0.558,3
0.828742857142857,1.0,2
0.48654285714285705,0.376,1
-0.9428000000000001,1.0,3
0.48588571428571414,0.15999999999999992,1
1.456,0.928,1
-2.371828571428571,0.488,3
-0.3137428571428569,1.0,3
1.0554285714285714,0.8260000000000001,2
0.6573142857142855,0.17799999999999994,2
1.3414857142857142,0.662,1
0.14345714285714295,0.744,3
0.5998857142857144,-0.1519999999999999,1
1.741942857142857,1.0,0
0.828857142857143,1.0,3
0.31499999999999995,-0.27,2
0.6573142857142855,0.43200000000000005,2
0.48488571428571436,0.30400000000000005,1
1.5138857142857143,0.9359999999999999,0
0.9411999999999999,0.488,1
0.4276000000000002,0.07400000000000007,3
-0.08519999999999972,-0.25,2
1.8579714285714286,0.994,0
0.31337142857142875,0.938,3
1.8007714285714285,1.0,0
-0.19917142857142878,-0.15399999999999991,0
-1.4574285714285713,-19.628,2
-0.4849428571428571,-5.804,3
0.028400000000000203,-3.2859999999999996,3
0.4288571428571426,0.528,0
-0.02802857142857129,-8.708,3
0.6001142857142856,-3.4479999999999995,2
0.42945714285714265,-0.8079999999999998,1
0.7718857142857142,-0.3619999999999999,1
1.5723142857142856,1.0,0
0.3142857142857143,-0.17399999999999993,1
-0.7146285714285712,-4.782,3
-1,-0.14000000000000012,3
1.6845714285714286,0.774,0
1.5703999999999998,0.568,0
0.4856571428571429,-1.6719999999999997,2
0.3722,-5.304,3
1.8002285714285715,1.0,0
1.8569714285714287,0.5700000000000001,0
-0.5426857142857144,-3.854,2
0.2576857142857144,-3.6079999999999997,1
-2.0281142857142855,-4.396,3
0.37237142857142835,0.16400000000000003,1
0.48611428571428605,-1.0420000000000003,3
1.457542857142857,0.75,0
0.31405714285714303,-4.0280000000000005,2
0.5991714285714287,-0.3560000000000001,1
1.5711428571428572,1.0,0
0.713742857142857,-0.6440000000000001,1
-0.08599999999999963,-2.102,2
0.8852285714285716,0.038000000000000034,1
1.2282285714285714,0.498,1
0.31434285714285715,0.396,3
1.114342857142857,0.278,2
0.5425714285714288,-2.006,2
-1.5140571428571432,-0.08200000000000007,2
0.08451428571428554,-0.10399999999999987,1
0.5993428571428571,-1.9859999999999998,2
1.115,1.0,0
1.3997714285714284,0.858,0
1.1127428571428573,0.404,2
-0.37060000000000004,0.516,3
0.25697142857142874,0.808,2
0.8292857142857143,0.67,2
1.1143999999999998,0.89,0
1.6863142857142859,1.0,0
0.31434285714285715,0.944,2
0.42780000000000007,-0.018000000000000016,3
0.8862285714285713,0.844,3
0.14379999999999982,-0.3619999999999999,3
0.37102857142857115,-0.19199999999999995,3
0.37171428571428544,-0.18199999999999994,3
0.428457142857143,0.252,1
0.48494285714285723,-0.3939999999999999,3
0.8290857142857142,1.0,1
0.19971428571428596,0.734,3
0.0845714285714283,-0.9620000000000002,1
0.7717714285714286,1.0,0
0.4284000000000001,0.27,1
1.2854285714285714,0.986,0
0.600942857142857,-0.22599999999999998,1
0.37225714285714273,0.498,2
-0.08505714285714272,1.0,3
1.0002857142857144,0.704,1
0.8856571428571429,0.956,1
1.3433714285714284,1.0,0
0.6003428571428568,0.06400000000000006,2
1.0575999999999999,0.97,0
0.7717142857142858,0.85,1
1.6294,1.0,0
0.0845714285714283,-2.418,2
0.4857714285714285,-3.7,2
-1.1146285714285713,-3.7039999999999997,2
1.685657142857143,1.0,0
-0.5428571428571429,-1.8239999999999998,3
1.5143428571428572,1.0,0
1.2860571428571428,0.728,2
1.7436285714285713,0.632,0
0.02911428571428587,0.626,1
-0.3708285714285713,-2.0620000000000003,2
1.6282857142857141,0.75,0
-0.028228571428571714,-0.30200000000000005,1
-0.7141714285714287,-3.0780000000000003,3
1.1127428571428573,0.95,0
-1,-0.704,2
0.31511428571428557,0.03599999999999992,3
-3.5707714285714287,0.45399999999999996,3
-0.14208571428571437,-0.02200000000000002,3
1.2855428571428573,0.646,1
0.5431428571428569,-1.342,2
1.0572571428571427,0.7,1
1.2286857142857142,0.658,1
0.2576857142857144,-2.086,3
1.5710857142857142,0.992,0
0.19879999999999975,0.4139999999999999,1
1.2861714285714285,0.736,2
0.02939999999999987,0.844,3
1.4579142857142857,0.742,0
1.4569714285714288,0.938,0
1.2843999999999998,0.47,1
0.42928571428571427,-0.39800000000000013,2
0.3140000000000003,0.19199999999999995,1
1.1697714285714285,0.5559999999999999,2
-1,-0.33000000000000007,3
1.743742857142857,1.0,0
0.027200000000000002,-0.6219999999999999,1
0.37060000000000015,-0.73,2
0.4859428571428569,-2.308,3
-0.08537142857142888,1.0,1
1.6863142857142859,0.906,0
-1.1714857142857142,1.0,2
0.828857142857143,0.738,1
-0.1995428571428568,1.0,3
0.3145714285714283,1.0,2
1.8561714285714284,0.67,0
-0.027800000000000047,0.982,3
0.48671428571428543,0.798,2
1.2841714285714287,0.58,0
-0.029714285714286026,1.0,3
-0.028799999999999715,1.0,3
1.9141142857142859,0.9,0
1.8563714285714288,0.776,0
-0.6576285714285717,1.0,3
0.027257142857142758,0.588,3
1.000657142857143,0.62,1
-2.2567428571428567,1.0,3
1.1125714285714285,0.19600000000000006,0
0.5419714285714288,0.786,2
0.9434285714285715,0.982,1
1.2862285714285713,0.94,1
1.1717142857142857,1.0,1
0.48494285714285723,0.944,2
0.2577428571428573,0.52,3
0.9435714285714286,0.948,1
-0.7721428571428572,0.33799999999999997,3
0.48588571428571414,0.368,2
0.6009999999999998,0.5599999999999999,2
1.2290285714285714,1.0,1
0.7145714285714286,-0.10399999999999987,0
0.6572571428571428,0.758,2
1.5131999999999999,0.766,0
0.5427428571428572,0.802,2
1.1128,1.0,1
1.456057142857143,0.71,0
0.828457142857143,-2.006,0
-0.31599999999999984,-9.538,1
0.20011428571428558,-1.072,3
1.572,0.724,0
1.6286285714285715,0.772,0
1.4577142857142857,0.16400000000000003,1
0.6003428571428568,-2.656,1
-0.08531428571428545,-4.694,2
0.7714285714285715,-0.9199999999999999,2
-1.4001714285714284,0.358,1
-0.2574285714285711,-4.024,2
0.3716571428571427,0.744,3
1.7992285714285714,0.6819999999999999,0
-2.1422,-7.702,2
-0.4282857142857146,0.92,3
1.4558285714285712,0.852,0
-0.7717142857142854,-1.924,2
0.8864857142857142,0.16199999999999992,1
0.028400000000000203,-7.084,2
1.0580857142857143,0.656,1
1.5140571428571428,0.922,0
-0.6017714285714282,-5.088,2
1.6854285714285715,1.0,0
1.6274285714285714,0.8300000000000001,0
1.8,0.526,0
0.771657142857143,-2.054,1
-2.3142857142857145,0.09000000000000008,3
1.114857142857143,0.564,1
-0.20131428571428578,-6.078,3
0.37060000000000015,0.478,3
-0.37142857142857144,-0.6960000000000002,3
-0.029828571428571538,-1.258,3
1.0556571428571428,0.724,2
0.027257142857142758,-0.32600000000000007,2
1.1139428571428571,0.948,1
-0.3134000000000001,-4.43,3
